ID,ti,al,ar
1020950,All I Ever Wanted (Radio Edit),Welcome To St. Tropez,DJ Monaco
793420,Rolling in the Deep,21 (Deluxe Edition),Adele
1021582,Moves Like Jagger,Moves Like Jagger (The Voice Performance),Maroon 5
776543,僵尸 Zombie,最新汽车升级版1 - 车载低音炮,DJ小可
389193,Innocence,The Best Damn Thing: Deluxe Edition,Avril Lavigne
1319045,Jar Of Love,我的歌声里,曲婉婷
797010,Love The Way You Lie,Grammy Nominees 2011,Eminem
811727,Tik Tok(Live),2011年3月欧美新歌速递1,Avril Lavigne
767474,Latin Girl,2010年12月欧美新歌速递2,Justin Bieber
776531,蹦吧啦 Bo Ba La,最新汽车升级版1 - 车载低音炮,DJ小可
1355235,Stronger,Now That's What I Call Music Vol. 42,Kelly Clarkson
2636499,Someone Like You,Billboard 2012 Year-End Hot 100,Adele
745436,Burning,爱-动听之抒情篇3,Maria Arredondo
807561,Everybody Hurts,Goodbye Lullaby (Deluxe Edition),Avril Lavigne
1518325,Whistle,Wild Ones,Flo Rida
1020939,I Wanna Go (Radio Edit),Welcome To St. Tropez,DJ Monaco
615028,You Belong With Me,Promo Only Mainstream Radio July 2009,Taylor Swift
1148559,I'm Living To Love You,Dancing Las Vegas,DJ Bobo
863692,DJ Got Us Fallin' In Love,Billboard 2010 Year-End Hot 100 Songs,Usher
442826,The Show,Lenka,Lenka
1146152,Everything In the World,Wanting,曲婉婷
889867,Rolling In The Deep,iTunes Festival: London 2011,Adele
811746,Till The World Ends,Femme Fatale (Deluxe Version),Britney Spears
100746,god is a girl,二月份最新单曲推荐(2006),Groove Coverage
656580,The Saltwater Room,Ocean Eyes (Deluxe Edition),Owl City
1091716,Long Live,Long Live (feat. Paula Fernandes),Taylor Swift
1148560,Dead Or Alive,Dancing Las Vegas,DJ Bobo
1020940,Who's That Chick (Radio Edit),Welcome To St. Tropez,DJ Monaco
1020934,Welcome To St. Tropez (Radio Edit),Welcome To St. Tropez,DJ Monaco
784331,舞动激情 Body To Body,Body To Body,Jay-J
1154403,Someone Like You: Live from the BRITs,Someone Like You,Adele
475750,Mad World,Season 8 Favorite Performances,Adam Lambert
182150,Because of You,Beautiful Love Songs,Kelly Clarkson
746055,Yesterday Once More,40/40,Carpenters Gold
462049,Valder Fields,A Plea en Vendredi,Tamas Wells
1145144,What Are Words,落雨纷飞的季节,Chris Medina
856319,Halo,I Am... Sasha Fierce (Deluxe Version),Beyoncé
659638,A Little Love,如果...阳光．雨（新曲+精选）,冯曦妤
432263,Burning,Not Going Under,Maria Arredondo
1145592,Price Tag,The BRIT Awards With MasterCard 2012,Jessie J
4828869,Gentleman,"Future Trance, Vol. 64",Psy
4978397,Gentleman,"Bravo Hits, Vol. 82",Psy
416851,I Love You,Start From Here,王若琳
671770,Poker Face (LLG vs. GLG Radio Mix Remix),The Remix,Lady GaGa
4755779,You and Me,银河的危机: 最奇异的午夜转播,王若琳
449500,If I Were A Boy,I Am...Sasha Fierce,Beyoncé
763174,Whataya Want from Me,Acoustic Live! - EP,Adam Lambert
613906,Gotta Have You,Say I Am You,The Weepies
985825,It's My Life,Greatest Hits: The Ultimate Collection,Bon Jovi
1474767,Numb,Greatest Hits,Linkin Park
1201677,My Heart Will Go On,泰坦尼克号-百年纪念版,Céline Dion
146060,I don't give,全球音乐极品珍藏集1,Avril Lavigne
774900,Free Loop,Best Of Me,Daniel Powter
1162304,...Baby One More Time,...Baby One More Time (Digital 45),Britney Spears
2481729,Wedding Dress (ENG.),SPECIAL FINAL IN DOME MEMORIAL COLLECTION,BigBang
839079,On the Floor,Love (Deluxe Edition),Jennifer Lopez
4755868,Heart Attack,Heart Attack - Single,Demi Lovato
319997,On The Radio,21st Century Digital Girl,Groove Coverage
857511,International Love,Planet Pit (Deluxe Edition),Pitbull
184161,别碰我,曾经的歌系列 8,Sweetbox
445992,lubov,曾经的歌系列19,RossTallanma
2451149,七滴眼泪,在线热搜（华语）系列45,姜玉阳
450580,Dangerous,Now Thats What I Call Music 29,Akon
96155,"Mad, Sexy, Cool",Grown & Sexy,Babyface
1032769,You Raise Me Up,Greatest Hits,WestLife
477339,Walking In The Sun,2009年六月热搜歌二,网络歌手
1189522,Wild Wild Web,Burning Youth VOL 1,John The Whistler
1430760,Liekkas,世界上最动听的歌超级天籁系列合集 下,Sofia Jannok
618211,Straight Through My Heart,欧美2009年6-7月最新单曲,Backstreet Boys
711336,Take It Off,Animal（JP Deluxe Edition）,Ke$ha
4965702,Royals,The Love Club - EP,Lorde
1674040,Footprints In The Sand,Spirit,Leona Lewis
880493,What Doesn’t Kill You,2011年7月欧美新歌速递,Kelly Clarkson
4810785,22,22 - Single,Taylor Swift
181491,I will Always Love You,Best of MP3 人气超强西洋总冠军,Whitney Houston
823438,S&M (Remix),2011年4月欧美新歌速递1,Rihanna
1783988,Hall of Fame,Hall of Fame (feat. will.i.am) - Single,The Script
786348,Brought Up That Way,2011年1月欧美新歌速递2,Taylor Swift
413153,Breathless,Breathless,Shayne Ward
732385,Back to December (Acoustic Version),Speak Now (Deluxe Version),Taylor Swift
1437233,TiK ToK,Pure... Party,Ke$ha
4969658,Holy Grail (feat. Justin Timberlake),Magna Carta... Holy Grail,Jay-Z
4784248,#thatPOWER (feat. Justin Bieber),#thatPOWER - Single,will.i.am
764974,Club Can't Handle Me,"Only One Flo, Pt. 1 (Deluxe Version)",Flo Rida
1087176,Lucky,The Collection Britney Spears,Britney Spears
1543178,Set Fire to the Love Song,2012年07月欧美新歌速递,Selena Gomez + the Scene
1247010,Burning,15首全球至伤情歌1,Maria Arredondo
4740895,let’s get it started,我是歌手第一季 第3期,尚雯婕
4805671,The Other Side,The Other Side - Single,Jason Derülo
478024,booty music,2009年六月热搜歌三,Git Fresh
1592336,apologize,Now That's What I Call Love,Timbaland
1038513,Hangover,TY.O,Taio Cruz
320112,Big Big World,Big Big World 大千世界,Emilia
416841,Let's Start From Here,Start From Here,王若琳
5004081,Berzerk,Berzerk - Single,Eminem
4884793,Come With Me,Come With Me - Single,Ricky Martin
4968493,Love Will Remember,Stars Dance,Selena Gomez
4728063,Just the Way You Are,NOW That's What I Call Love Songs,Bruno Mars
485558,Yeah,Confessions (Special edition),Usher
4760445,Move like jagger,我是歌手第一季 第7期,尚雯婕
5013474,We Can't Stop,We Can't Stop - Single,Miley Cyrus
315036,Because You Loved Me,All The Way A Decade Of Song,Céline Dion
425608,Love Is A Lie,Simple Plan,Simple Plan
1131663,Some Nights,Some Nights,fun.
1338047,As Long As You Love Me,Love Songs,Backstreet Boys
483919,A New Day Has Come,A New Day Has Come,Céline Dion
185281,My humps,HITS,Black Eyed Peas
5023921,Heartbreaker,Heart Breaker - Single,Justin Bieber
1109148,Stronger,Stronger,Kelly Clarkson
314719,When You Believe,#1's,Mariah Carey
857506,Rain Over Me,Planet Pit (Deluxe Edition),Pitbull
5058415,Summer Time (feat. Snoop Dogg),Summer Time,吉克隽逸
4883447,Rise Up (feat. Jonatha Brooke & Ben Butler),Rise Up (feat. Jonatha Brooke & Ben Butler) - Single,Beyoncé
776540,嘟比嘟,最新汽车升级版1 - 车载低音炮,DJ小可
4798307,One Woman (独唱版),2013年4月新歌速递,张靓颖
5073572,Hard Out Here,Hard Out Here - Single,Lily Allen
186117,Listen,B'day(Deluxe Edition),Beyoncé
985017,Sparks Fly,Speak Now,Taylor Swift
5035265,Sweeter Than Fiction (From "One Chance"),Sweeter Than Fiction (From "One Chance") - Single,Taylor Swift
857505,Give Me Everything,Planet Pit (Deluxe Edition),Pitbull
4740095,Love Me (feat. Drake & Future),Love Me (feat. Drake & Future) C Single,Lil Wayne
436279,Discotheque迪斯科舞厅,舞曲大帝国 24(Maxi Kingdom 24),Yamboo
1023662,A Thousand Years,暮光之城4：破晓（上）电影原声带 The Twilight Saga: Breaking Dawn - Part 1(Soundtrack)  ,Christina Perri
5032949,Sing For You,Say The Words 我为你歌唱,曲婉婷
752757,Beautiful Tonight,Gravity,WestLife
412841,Until You,Breathless,Shayne Ward
931207,Moves Like Jagger (Studio Recording from,Hands All Over(Deluxe Edition),Maroon 5
96158,"Drama, Love & 'Lationships",Grown & Sexy,Babyface
455808,Still Waiting,The Best Of Sum 41,Sum 41
431054,Don'T Push Me,糖果盒子45超精选Sweetbox Complete Best,Sweetbox
797008,California Gurls,Grammy Nominees 2011,Katy Perry
593525,Never Had A Dream Come True,Sunshine,S Club 7
487844,Don’t Cry,Greatest Hits,Guns N' Roses
849037,MAKE LOVE,The Ultimate-International Best,BigBang
330528,Dying In The Sun,bury the hatchet,The Cranberries
1050703,Mas,Música + Alma + Sexo,Ricky Martin
4969703,American Girl,American Girl - Single,Bonnie McKee
818380,Better In Time,Songs for Japan,Leona Lewis
887283,Love The Way You Lie,"The Covers, Vol. 1",Jason Chen
690638,N-N-N-Neva Baby,Demo合辑,Ke$ha
751611,Blow,Cannibal [EP],Ke$ha
688559,Fast Forward,Swings And Roundabouts,Amy Diamond
338092,Good Foot,鲨鱼黑帮,Justin Timberlake
2548558,Pop Danthology 2012,Pop Danthology 2012,DJ Daniel Kim
793430,Someone Like You,21 (Deluxe Edition),Adele
4766497,Coins,银河的危机: 最奇异的午夜转播,王若琳
638149,Earth Song,Michael Jackson's This Is It (The Music That Inspired the Movie),Michael Jackson
1230967,Floorfiller,Floorfiller,Abba Teens
4989797,"Hold On, We're Going Home (feat. Majid Jordan)","Hold On, We're Going Home (feat. Majid Jordan) - Single",Drake
648247,Better In Time,曾经的歌系列24,Eminem
600806,The Mass,弥撒,Eric Levi
1193862,Apologize,"Songs I Wish I Wrote, Vol. 3",Alex Goot
4740115,I Would,Believe Acoustic,Justin Bieber
414461,She is My Sin,Bestwishes: The Best of,Nightwish
1136483,Talk to Me,Curiosity - EP,Carly Rae Jepsen
2451173,谁还会在意我留下的泪,在线热搜（华语）系列46,蒋雪儿
436857,Dota,Now You're Gone,Basshunter
668665,Try,名扬四海 电影原声带 Fame (Original Motion Picture Soundtrack) ,Asher Monroe
4719638,Downtown ,Downtown,Lady Antebellum
4816395,#Beautiful (feat. Miguel),#Beautiful (feat. Miguel) - Single,Mariah Carey
410708,When I'm With You,Back Home,WestLife
4776061,Dog days are over,我是歌手第一季 第9期,尚雯婕
703049,Break Your Heart,Rokstarr US Edition,Taio Cruz
4988851,Chasing Pavements,冲上云霄2 电视原声带,Adele
457089,the mass(德国党卫军第一装甲师战歌),2008年十二月热搜歌四,群星
4757010,Almost Home (Music from the Motion Picture "Oz the Great and Powerful"),魔境仙踪 电影主题曲 Almost Home (Music from the Motion Picture "Oz the Great and Powerful") - Single,Mariah Carey
1640905,Nothing's Gonna Change My Love,在线热搜（欧美）系列1,WestLife
432738,I Need You,Maria Arredondo,Maria Arredondo
2472667,One More Night,Now That's What I Call Music! 83,Maroon 5
488075,Hotel California,The Very Best of Eagles,The Eagles
635677,Bye Bye Beautiful,Made In Hong Kong,Nightwish
96161,Loneliness,Grown & Sexy,Babyface
1145724,Insomnia,悦曲悠然,Craig David
793428,One and Only,21 (Deluxe Edition),Adele
2547800,Try,The Truth About Love (Fan Edition),P!nk
1383574,Innocence (Live),Control Room (Live) - EP,Avril Lavigne
145926,far away from home,covergirl,Groove Coverage
454912,A Little Love,A Little Love,冯曦妤
4795646,One moment in time,我是歌手第一季 第12期,彭佳慧
1281990,In The Dark,The Night the Sun Came Up,Dev
722038,Misery,Hands All Over(Deluxe Edition),Maroon 5
4828850,#Beautiful (feat. Miguel),#Beautiful (feat. Miguel) - Single,Mariah Carey
145912,moonlight shadow,covergirl,Groove Coverage
4775536,Enlightenment,银河的危机: 最奇异的午夜转播,王若琳
797009,Telephone,Grammy Nominees 2011,Lady GaGa
793424,Set Fire to the Rain,21 (Deluxe Edition),Adele
776534,快乐阿拉蕾(英文版),最新汽车升级版1 - 车载低音炮,DJ小可
315198,I Surrender,A New Day Has Come,Céline Dion
4748438,Man in the mirror,我是歌手第一季 第5期,尚雯婕
4837757,When A Man Loves A Woman,欧美浪漫怀旧金曲,Michael Bolton
399280,Because Of You,My December,Kelly Clarkson
742606,So What,Greatest Hits...So Far!!! (Deluxe Version),P!nk
951662,buckle up n chuggeluck,2011年9月欧美新歌速递,Heaven
65476,Pretty Boy,Shades Of Purple,M2M
762420,Halo,I Am...World Tour 》[Live],Beyoncé
876988,The Dawn,Beyond Reality,Dreamtale
2480405,I Knew You Were Trouble.,I Knew You Were Trouble.,Taylor Swift
400567,Comsic Ride,All 4 One,Befour
707696,I Know You Want Me,Just Dance,Pitbull
951635,anaesthesia,2011年9月欧美新歌速递,Maximilian Hecker
690028,Love The Way You Lie,Recovery (Deluxe Edition),Eminem
4792167,Fine China,Fine China - Single,Chris Brown
721161,Burning In The Skies,A Thousand Suns,Linkin Park
73097,Imagine Me Without You (LP Version),Crystal Clear,Jaci Velasquez
5028908,All That Matters,All That Matters - Single,Justin Bieber
433883,Where is the love,曾经的歌系列19,Black Eyed Peas
459714,wait till you hear from me,2008年十二月热搜歌七,Sarah Connor
1192024,peerless,在线热搜（华语）系列67,网络歌手
5046112,Story of My Life,Story Of My Life - Single,One Direction
442722,Fighter,Stripped,Christina Aguilera
490141,Love Paradise,Stylish Index (第2版),陈慧琳
1540013,Call You Tonight,My Love Is Your Love / I Look To You,Whitney Houston
493220,Free Loop,Daniel Powter,Daniel Powter
2468495,Don't Stop The Party (feat. TJR),Global Warming (Deluxe Edition),Pitbull
732372,Sparks Fly,Speak Now (Deluxe Version),Taylor Swift
4783040,Someday We'll Be Together,北京遇上西雅图 电影原声带,Vonda Shepard
1429477,I'm Gonna Getcha Good!,世界上最动听的歌超级天籁系列合集 上,Shania Twain
744245,拉拉爱,DJ小可 ⑩帽子戏法,DJ小可
738182,Broken Angel,2010年11月欧美新歌速递2,Arash
311526,I Want It That Way 我就是爱你,Greatest Hits至尊无敌超精选,Backstreet Boys
1230129,Dance Again,Dance Again,Jennifer Lopez
519117,How High,舞池告白（Confessions on a Dancefloor）,Madonna
3586769,We Are Never Ever Getting Back Together,NRJ Music Awards 2013,Taylor Swift
321812,better man,The Love Songs,Robbie Williams
1113875,If I Die Young,Grammy Nominees 2012,The Band Perry
1936492,Clarity,Clarity,Zedd
1028240,Talk That Talk (feat. Jay-Z),Talk That Talk (Deluxe Edition),Rihanna
465246,Long Shot,All I Ever Wanted,Kelly Clarkson
797011,Need You Now,Grammy Nominees 2011,Lady Antebellum
299465,Wake Me Up When September Ends (Album Version),Wake Me Up When September Ends(UK CD #2)(CD-SINGLE),Green Day
416842,Lost in Paradise,Start From Here,王若琳
4963164,"Love the Way You Lie, Pt. III (Original Demo)",Don't Look Down (Itunes Version),Skylar Grey
4810804,Crazy Kids (feat. Pitbull),Crazy Kids (feat. Pitbull) - Single,Ke$ha
101083,far away from home,二月份最新单曲推荐(2006),Groove Coverage
721765,I Believe I Can Fly,Epic,R. Kelly
804274,Price Tag,Price Tag,Jessie J
890039,Sexy Bitch,One Love (Deluxe Version),David Guetta
422435,Side Effects,E=MC2,Mariah Carey
2462265,Kiss You,Take Me Home: Yearbook Edition,One Direction
391505,Floorfiller,CS音乐 (CS Movies Cool),游戏原声
1766359,Get Up,Get Up (A Cowboys Anthem),Kelly Clarkson
1700391,It Is My Life,在线热搜（欧美）系列2,Glee Cast
4803852,Try,538 Hitzone 65,P!nk
413288,home,英国UK单曲榜TOP40(2008.12-2),WestLife
966571,Raindrops Keep Falling On My Head,The Things We Do For Love,王若琳
752261,Say You Say Me,欧美浪漫怀旧金曲,Lionel Richie
458437,Crush,David Archuleta,David Archuleta
672255,Nothin' On You,The Adventures Of Bobby Ray,B.o.B.
3585352,Here With You,在线热搜(欧美)系列10,Asher Monroe
951636,summer days in bloom,2011年9月欧美新歌速递,Maximilian Hecker
454900,Proud of You,A Little Love,Fiona Fung
1275669,Burn It Down (Live),Burn It Down - EP,Linkin Park
722039,Give a Little More,Hands All Over(Deluxe Edition),Maroon 5
1080612,Bangarang,BangArang,Skrillex
726294,Liquor Store Blues,Doo-Wops & Hooligans,Bruno Mars
1032925,Sparks Fly (Live),Speak Now World Tour Live,Taylor Swift
732383,If This Was a Movie,Speak Now (Deluxe Version),Taylor Swift
4771551,One Woman (feat. 群星),2013年3月新歌速递,张靓颖
818336,Talking to the Moon,Songs for Japan,Bruno Mars
416164,Big Bang,For The World,BigBang
535145,Here I Am,Anthology,Bryan Adams
1847961,Sing You to Sleep,Love Stories (Bonus Track Version),Matt Cab
763275,Lights (Single Version),Bright Lights,Ellie Goulding
391249,What I＇ve Done,Minutes to Midnight,Linkin Park
941307,Turn Me on,Nothing But The Beat (US Edition),David Guetta
1493133,Halo,2010 Grammy Nominees (2010格莱美的喝彩),Beyoncé
458649,Supermassive Black Hole,暮光之城,Muse
182534,Timeless,2006你最喜爱的10大英文金曲,Kelly Clarkson
728806,Back to December,Speak Now (Deluxe Version),Taylor Swift
448262,Insomnia,Greatest Hits,Craig David
1425570,Low,Good Feeling EP,Flo Rida
1005897,You Love Me,Stronger,Kelly Clarkson
711339,Blah Blah Blah (Feat. 3OH!3),Animal（JP Deluxe Edition）,Ke$ha
724855,When You're Gone (Acoustic Version),12" Masters - The Essential Mixes: Avril Lavigne,Avril Lavigne
1004386,You Belong with Me,Journey To Fearless The Ultimate Live Experience,Taylor Swift
460767,SoloTu,2008年十二月热搜歌十二,未知
394877,喜欢你没道理(DJ版),RNB舞曲5,张韶涵
782443,B What U Wanna B,Darin,Darin
639147,You're Not Sorry,Fearless(Platinum Edition),Taylor Swift
690067,Nosy Neighbour,Stadium,Akon
4997219,Slave 2 The Rhythm (prod. Max Methods) [feat. Justin Bieber],Slave 2 The Rhythm (prod. Max Methods) [feat. Justin Bieber] - Single,Michael Jackson
4752444,I Wanted You,在线热搜(欧美)系列12,Ina Wroldsen
4717412,Diamonds (Dave Aude 100 Edit),Diamonds (Remixes),Rihanna
1087242,Criminal,The Collection Britney Spears,Britney Spears
458969,Oops Jaime Pas Langlais,2008年十二月热搜歌七,群星
4820113,Easy Lover (feat. 萧敬腾),我是歌手第一季 总决赛,林志炫
712291,Mine,Speak Now (Deluxe Version),Taylor Swift
4819797,Heart Attack,Demi,Demi Lovato
4829408,Love You Like a Love Song,When The Sun Goes Down(Deluxe Edition),Selena Gomez + the Scene
2451883,Troublemaker (feat. Flo Rida),Troublemaker,Olly Murs
391534,she is my sin-Nightwish,CS音乐 (CS Movies Cool),Nightwish
986783,The Time (Dirty Bit),The Beginning,Black Eyed Peas
449092,Because Of You,Strawberry Love 爱.草莓,Kelly Clarkson
975516,I Like How It Feels,I Like How It Feels EP,Enrique Iglesias
4789066,The Way (feat. Mac Miller),The Way (feat. Mac Miller) - Single,Ariana Grande
412860,Melt The Snow,Breathless,Shayne Ward
751276,Keep Your Head Up,Michael,Michael Jackson
863167,Love On Top,4,Beyoncé
1425566,Wild Ones,Good Feeling EP,Flo Rida
690026,So Bad,Recovery (Deluxe Edition),Eminem
1209419,Last Christmas,Sounds of the Season: The Taylor Swift Holiday Collection,Taylor Swift
306799,Yellow,A Rush Of B-Sides To Your Head,Coldplay
1015095,Only Thing I Ever Get For Christmas,Under the Mistletoe (Deluxe Version),Justin Bieber
672232,Waka Waka,2010年世界杯官方专辑 Listen Up! The Official 2010 FIFA World Cup Album,Shakira
1940700,Honesty,有形的翅膀,张韶涵
1687546,The King Is Dead But the Queen Is Alive,Blow Me (One Last Kiss),P!nk
1154212,Make You Feel My Love (Live At Hotel Cafe),19 (Bonus Tracks),Adele
2468498,Hope We Meet Again (feat. Chris Brown),Global Warming (Deluxe Edition),Pitbull
396870,Gala-Faraway(Main Version),慢摇舞曲专辑9,群星
857532,So Young,Suede (Remastered) [Deluxe Edition],Suede
1223401,Price Tag (Feat. B.o.B),Price Tag,Jessie J
2650840,United State Of Pop 2012 (Shine Brighter),United State Of Pop 2012 (Shine Brighter),DJ Earworm
647499,I See You,欧美2009年12月最新单曲,Leona Lewis
5013381,"23 (feat. Miley Cyrus, Wiz Khalifa & Juicy J)","23 (feat. Miley Cyrus, Wiz Khalifa & Juicy J) - Single",Mike Will Made It
389188,Runaway,The Best Damn Thing: Deluxe Edition,Avril Lavigne
447391,Love Story,欧美10月最新单曲推荐,Taylor Swift
98104,Everytime,In The Zone (Bonus Track Version),Britney Spears
65477,Give A Little Love (LP Version),Shades Of Purple,M2M
4988844,Say You Love Me,冲上云霄2 电视原声带,Patti Austin
1213739,Safe & Sound,Safe & Sound,Taylor Swift
4819101,Make It Up,Make It Up,Sam Tsui
1738728,Triumphant (Get 'Em) [feat. Rick Ross & Meek Mill],Triumphant (Get 'Em),Mariah Carey
5073473,The Fox (What Does the Fox Say?),Now That's What I Call Music! 86,Ylvis
679128,The Touch,2010年5月欧美新歌速递,Maria Arredondo
434764,Better in Time,欧美UK最新单曲,Leona Lewis
5030166,Rap God,Rap God - Single,Eminem
4728105,Meet Me in Paris (Radio Edit) [DJ Antoine vs. Mad Mark],Sky Is the Limit,DJ Antoine
804200,Dr Bieber,2011年2月欧美新歌速递1,Justin Bieber
816202,Just Like That,In The Club,Danny
659204,Making Love Out Of Nothing At All,艋{ 电影原声带,Air Supply
4965692,La Da Dee,Surfers Paradise (Deluxe Version),Cody Simpson
5006044,Heart Breaker (试听版),Heart Breaker - Single,Justin Bieber
5026532,What Makes You Beautiful,G-A-Y,One Direction
666118,Stay here Forever,情人节 电影原声带 Valentine's Day (Original Motion Picture Soundtrack) ,Jewel
307012,Numb,Meteora,Linkin Park
442396,Out Of This Club,Doll Domination,The Pussycat Dolls
1116325,Paparazzi,Hold On ‘Til the Night 亚洲特别版,Greyson Chance
4799454,Crash My Party,Crash My Party - Single,Luke Bryan
4967721,Everybody Feel Like Dancing,小时代2 电影原声带,梁永泰
1840897,Come Baby,百度酒吧,Various Artists
1929042,Trespassing (Live),中国好声音 巅峰之夜,Adam Lambert
4968485,Slow Down,Stars Dance,Selena Gomez
742755,Waiting In the Wings,Obsession,Shayne Ward
652059,Only Time,极致典藏-跨世纪精选（The Very Best Of Enya）,Enya
1005338,The Boys (English ver.),The Boys,少女时代
315375,Heal The World,Dangerous,Michael Jackson
5032951,My Little Friend,Say The Words 我为你歌唱,曲婉婷
4744610,Bleeding Love,The Power of Love,Leona Lewis
742517,Love You Like I Do,2010年11月欧美新歌速递1,Jamillions
4969811,The Heart of Dixie,The Heart of Dixie - Single,Danielle Bradbery
1938521,Same Love (feat. Mary Lambert),The Heist (Deluxe Version),Macklemore & Ryan Lewis
972214,Dilemma,Q-Music Top 500 Van Deze Eeuw - 2011,Nelly
425607,Take My Hand,Simple Plan,Simple Plan
856926,Someone Like You,Someone Like You,Adele
4988849,Stop The Clock,冲上云霄2 电视原声带,Oasis
4984182,Can't Believe It (feat. Pitbull),Can't Believe It (feat. Pitbull) - Single,Flo Rida
312123,that's why(you go away),paint my love greatest hits,Michael Learns To Rock
2636487,Party Rock Anthem,Billboard 2012 Year-End Hot 100,LMFAO
4763373,We Own Tonight,10,New Kids On The Block
1302225,Whistle,Whistle,Flo Rida
996311,3 (Manhattan Clique Remix Club),"B In the Mix - The Remixes, Vol. 2",Britney Spears
1000650,Somebody That I Used to Know,Making Mirrors,Gotye
960491,Moon Girl,I Am The Club Rocker,Inna
1827625,tu vivi nell'aria,在线热搜（欧美）系列5,Gigi D'Agastino
4973520,Burn,Burn - Single,Ellie Goulding
711337,Ki$$ N Tell,Animal（JP Deluxe Edition）,Ke$ha
4772113,Body Party,Body Party - Single,Ciara
732388,Back to December (US Version),Speak Now (Deluxe Version),Taylor Swift
838627,Click Clack Away,2011年5月欧美新歌速递1,Bruno Mars
807608,Like A G6,Now Thats What I disposition Music! 37 (US Retail),Far East Movement
863481,My Dilemma,When the Sun Goes Down,Selena Gomez + the Scene
816030,Top Of The World,2011年3月欧美新歌速递2,The Cataracs
806845,Eenie Meenie,2011年2月欧美新歌速递1,Sean Kingston
648084,Lights Off,All Or Nothing,Jay Sean
1238038,We Will Rock You,精选车载音乐（二）,童声
448271,You Don't Miss Your Water,Greatest Hits,Craig David
5094103,Timber (feat. Ke$ha),Global Warming: Meltdown (Deluxe Version),Pitbull
1190867,路灯下的小姑娘,曾经的歌系列 42,Modern Talking
1149750,Only One,吸血鬼日记第2季 电视原声带 The Vampire Diary Season 2(Original Soundtrack),吸血鬼日记
807551,4 Real,Goodbye Lullaby (Deluxe Edition),Avril Lavigne
4703751,Cause You're My Zing,在线热搜(欧美)系列11,Selena Gomez
2466321,People Like Us,Greatest Hits - Chapter One,Kelly Clarkson
414743,Take Me To Your Heart,I Walk This Road Alone,Michael Learns To Rock
4816756,Thank You Very Much,Thank You Very Much - Single,Margaret
4885317,First Time,First Time - Single,Jonas Brothers
638138,They Don't Care About us,Michael Jackson's This Is It (The Music That Inspired the Movie),Michael Jackson
4744607,Grenade,The Power of Love,Bruno Mars
449086,No Promises,Strawberry Love 爱.草莓,Shayne Ward
458922,Doo Be Di Boy,2008年十二月热搜歌七,DJ
977692,Like A Robot,Megalomania,Aqua
4827775,Nothing Here but Love,Shadows,Lenka
1201654,Shots,Sorry For Party Rocking,LMFAO
2451154,关于爱,在线热搜（华语）系列46,张振宇
951627,7 DAYS,2011年9月欧美新歌速递,Craig David
4819804,Really Don't Care (feat. Cher Lloyd),Demi,Demi Lovato
776532,女声嘻哈,最新汽车升级版1 - 车载低音炮,DJ小可
1474780,Faint,Greatest Hits,Linkin Park
4792154,Dancing With The Devil ,2013年4月欧美新歌速递,Ke$ha
5032954,Say The Words,Say The Words 我为你歌唱,曲婉婷
454323,Footprints in the Sand (Single Mix),Spirit (Deluxe Edition),Leona Lewis
4749546,Live While We're Young,BRIT Awards 2013,One Direction
3585922,My Life (feat. Eminem & Adam Levine),My Life (feat. Eminem & Adam Lavine),50 Cent
429357,Umbrella,Good Girl Gone Bad: Reloaded,Rihanna
186115,listen (and hidden track),B'day(Deluxe Edition),Beyoncé
1194492,Broken Angel,Broken Angel,Arash
454294,Better in Time (Single Mix),Spirit (Deluxe Edition),Leona Lewis
4759878,Dark Paradise,Dark Paradise - Single,Lana Del Rey
454325,A Moment Like this,Spirit (Deluxe Edition),Leona Lewis
1136481,Curiosity,Curiosity - EP,Carly Rae Jepsen
951619,buttons,2011年9月欧美新歌速递,The Pussycat Dolls
1113863,Rolling In the Deep,Grammy Nominees 2012,Adele
4744614,Apologize (feat. OneRepublic),The Power of Love,Timbaland
4965713,Blurred Lines (feat. T.I. & Pharrell),Blurred Lines,Robin Thicke
362078,The Magic Key,Popcorn Hits Vol.6,One-T And Cool-T
4774048,Take the World On (feat. 2NE1),2013年3月欧美新歌速递,will.i.am
1508670,One More Night (Sticky K Remix),Overexposed (Deluxe Version),Maroon 5
4784333,Down,吸血鬼日记第1季 电视原声带 The Vampire Diary Season 1(Original Soundtrack),吸血鬼日记
3586761,Die Young,NRJ Music Awards 2013,Ke$ha
1226623,Riot On the Dancefloor,Riot On the Dancefloor,Groove Coverage
840655,Almost Lover,Daylight Breaks,La'i
1857411,When You're Gone,When You're Gone - EP,Avril Lavigne
776537,阿玛尼水晶宫,最新汽车升级版1 - 车载低音炮,DJ小可
2451170,爱情没那么美DJ,在线热搜（华语）系列46,孙浩雨
742612,Whataya Want from Me,Greatest Hits...So Far!!! (Deluxe Version),P!nk
5006022,Eternally Yours ,冲上云霄2 电视原声带,Tim Ellis
1190857,cut in love,曾经的歌系列 42,Eminem
4989809,Living To Love You,冲上云霄2 电视原声带,Sarah Connor
177283,Loney (DJ Lhasa Remix Edit) - Deep Spirit,摇头电9,群星
1225940,Stay Here Forever,Sweet and Wild,Jewel
434769,Apologize,欧美UK最新单曲,Timbaland
2471698,C'mon,C'mon - Single,Ke$ha
722197,All for You,All for You - EP,Ace Of Base
662964,Toss It Up,State Of Survival,Flipsyde
4783908,Marry You,北京遇上西雅图 电影原声带,Thomas Anders
4781531,"Pour It Up (feat. Young Jeezy, Rick Ross, Juicy J & T.I.) [Remix]",Pour It Up (Remix) - Single,Rihanna
1566597,Think Again,Sleepless Nights,kate havnevik
4802955,My Songs Know What You Did In The Dark (Light Em Up),Save Rock and Roll,Fall Out Boy
638571,What About Now,Where We Are,WestLife
4748174,Suit & Tie (feat. Jay-Z),The 20/20 Experience (Deluxe Version),Justin Timberlake
742595,Get the Party Started,Greatest Hits...So Far!!! (Deluxe Version),P!nk
738264,Stay The Night,Some Kind of Trouble (Deluxe Edition),James Blunt
1113866,Moves Like Jagger,Grammy Nominees 2012,Maroon 5
1523370,Summertime Sadness,Summertime Sadness (Remixes) - EP,Lana Del Rey
4802954,The Phoenix,Save Rock and Roll,Fall Out Boy
960484,Sun Is Up,I Am The Club Rocker,Inna
3594012,Sure Be Cool If You Did,Sure Be Cool If You Did  - Single,Blake Shelton
659289,Koko Soko（爱情大魔咒）,Party Around The World（全世界来派对）,Smile.DK
476783,Tell Me Who You Are,2009年六月热搜歌一,Ldy Lickem
400563,Magic Melody,All 4 One,Befour
4765804,Wait For You,Best For You,Elliott Yamin
1903780,Don't Stop The Party [Extended Mix],Don't Stop The Party,Pitbull
4792194,Microphone,Microphone - Single,98 Degrees
4784846,Boys 'Round Here (feat. Pistol Annies & Friends),Based on a True Story... (Deluxe Version),Blake Shelton
681063,My Heartbeat,My Heartbeat,Y Lam
4827984,Bad (Remix) [feat. Rihanna],Bad (Remix) [feat. Rihanna] - Single,Wale
1019479,what doesn't kill you,2Day Acoustic Sessions,Kelly Clarkson
467141,Go On And Go,The Vibe,Lexington Bridge
4740110,Take You (Acoustic Version),Believe Acoustic,Justin Bieber
4784493,We Up (feat. Kendrick Lamar),We Up - Single,50 Cent
4885615,Summertime of Our Lives,Surfers Paradise (Deluxe Version),Cody Simpson
184194,蹦吧啦,曾经的歌系列 9,Eddy Wata
486146,Seasons In The Sun,Westlife,WestLife
4960199,Acapella,Acapella - Single,Karmin
725103,Save Your Heart,No Superstar (The Album),Remady
4720064,I Could Be The One (Nicktim - Radio Edit),I Could Be The One [Avicii vs Nicky Romero],Avicii
642698,Private,JLS,JLS
4825413,Heart to the Party,Shadows,Lenka
1044015,We Are Young,Hold on to Sixteen,Glee Cast
4783035,When I fall in love,北京遇上西雅图 电影原声带,Céline Dion
1080616,Kyoto,BangArang,Skrillex
1053677,Down For Whatever,Down For Whatever,Kelly Rowland
3590454,Animal,Animal - EP,Conor Maynard
1099483,The Mass,Greatest Hits,Era
711334,Your Love Is My Drug,Animal（JP Deluxe Edition）,Ke$ha
4993387,That's My Kind of Night,Crash My Party (Deluxe Version),Luke Bryan
4884626,Like Nobody's Around,24/Seven (Deluxe Version),Big Time Rush
811110,Stupid,Cocool,Tone Damli
714287,Ba Yonga Wamba,Fly Away,Banaroo
4973890,Love More (feat. Nicki Minaj),Love More (feat. Nicki Minaj) - Single,Chris Brown
4707302,One Day Like This,Dream Chaser (Deluxe Version),Sarah Brightman
814558,How are you doing ?,2011年3月欧美新歌速递2,Aqua
985029,Long Live,Speak Now,Taylor Swift
1588292,You're Not Alone,Shayne Ward,Shayne Ward
926801,Love the Way You Lie (Part II) [Piano Version],Loud,Rihanna
4783532,Sweet Spot (feat. May J.),Sweet Spot (feat. May J.) - Single,Flo Rida
1908502,Finally Found You (feat.Sammy Adams),Finally Found You,Enrique Iglesias
495916,The Sound Of Silence,西蒙与加芬克尔精选,Simon & Garfunkel
654595,Baby,欧美2010年1月最新单曲,Justin Bieber
3592561,F**k You,LONG.LIVE.A$AP (Deluxe Version),A$AP Rocky
2547799,Blow Me (One Last Kiss),The Truth About Love (Fan Edition),P!nk
726912,Speak Now,Speak Now (Deluxe Version),Taylor Swift
4788877,#thatPOWER (feat. Justin Bieber) [Matt Nevin Extended Mix],#thatPOWER - Single,will.i.am
4988847,Your Laws,冲上云霄2 电视原声带,冲上云霄2
606522,Close To You,Singles 1969-1981,The Carpenters
839043,Burn That Bridge,2011年5月欧美新歌速递1,Akon
65473,The Day You Went Away (LP Version),Shades Of Purple,M2M
391530,Numb-Linkin Park,CS音乐 (CS Movies Cool),游戏原声
4821013,Ball (feat. Lil Wayne),速度与激情6 电影原声带  Fast & Furious 6 (Original Motion Picture Soundtrack) ,T.I.
4712949,Only Love Can,52赫兹,THE VERSE
1459990,America’s Most Wanted,2012年06月欧美新歌速递,Akon
1324628,Chasing the Sun,The Wanted (Special Edition),The Wanted
311649,My happy Ending,Diamond Collection,Avril Lavigne
864692,Dream You to Life,2011年6月欧美新歌速递2,Jordyn Taylor
1032751,If I Let You Go,Greatest Hits,WestLife
169965,I Believe I Can Fly,TV Best,R. Kelly
303464,Everything I Do,Haven't You Heard,Brandy
1091712,Happy New Year (feat. Jaden Smith),Happy New Year (feat. Jaden Smith) - Single,Justin Bieber
4732771,Wagon Wheel,Wagon Wheel - Single,Darius Rucker
454296,Yesterday,Spirit (Deluxe Edition),Leona Lewis
751290,Trust,The Take Off,Solid Base
168705,i could be the one(Donna Lewis),劲舞团歌曲2,日韩游戏
461917,Run,12月英国单曲榜Top 40 singles,Leona Lewis
2015050,State of Grace,Red (Deluxe Version),Taylor Swift
3592613,Salvation,Salvation,Gabrielle Aplin
801089,On The Floor,On The Floor (Final),Jennifer Lopez
410704,Home,Back Home,WestLife
4728101,Perfect Day (Radio Edit) [DJ Antoine vs. Mad Mark]{feat. Shontelle},Sky Is the Limit,DJ Antoine
453745,Realize,Power Hits 3(冠军全击3),Colbie Caillat
320091,Every Moment Of My Life,Key To My Soul,Sarah Connor
639766,Say Hello,These Friends of Mine,Rosie Thomas
462981,Apologize,Grammy Nominees 2009,OneRepublic
391520,It's My Life-BON JOVI,CS音乐 (CS Movies Cool),游戏原声
616258,She Wolf,She Wolf,Shakira
1321759,I Do,I Do,Colbie Caillat
4883448,Marry You,我们结婚了世界版OST Part.5,K.will
426639,Pocketful Of Sunshine,环球音乐极品典藏集Lesson 13.5,Natasha Bedingfield
1339764,The Apl Song,Elephunk,Black Eyed Peas
951626,dragostea din tei,2011年9月新歌速递,劲舞团
1674038,Better In Time,Spirit,Leona Lewis
4792178,$$$EX (Vanessa Hudgens vs. YLA) [Explicit],$$$EX (Vanessa Hudgens vs. Y.LA) - Single,Vanessa Hudgens
316950,Cry Me A River,Senorita,Justin Timberlake
5024399,Survival (feat. Liz Rodrigues),Survival - Single,Eminem
2480306,When I Was Your Man,When I Was Your Man,Bruno Mars
405476,Shape Of My Heart(这个杀手不太冷),曾经的歌系列17,Sting
4766265,Lights,春假 电影原声带 Spring Breakers (Music From the Motion Picture),Ellie Goulding
5012438,Wait For A Minute (feat. Tyga) [试听版],Wait For a Minute (feat. Justin Bieber) - Single,Justin Bieber
2478713,The Power of Love,The Power of Love C Single,Gabrielle Aplin
1473248,Right Here (feat. Drake),Believe (Deluxe Edition),Justin Bieber
428753,天使消逝的地方,曾经的歌系列19,斯维特拉娜・斯维吉科娃
460845,Radio,Set Your Body Free,Danny
2466322,Since U Been Gone,Greatest Hits - Chapter One,Kelly Clarkson
412575,Upside down,Greatest hits 1999-2004,Abba Teens
1307904,Bubbly,Coco,Colbie Caillat
449091,Only Love,Strawberry Love 爱.草莓,Trademark
4828846,Summertime Sadness (Cedric Gervais Remix),"Future Trance, Vol. 64",Lana Del Rey
4819800,Neon Lights,Demi,Demi Lovato
179403,阿根廷别为我哭泣,奥斯卡电影获奖金曲1,Madonna
732389,The Story of Us (US Version),Speak Now (Deluxe Version),Taylor Swift
661826,negative things,2010年三月热搜歌,audius
889005,Lighters,"The Covers, Vol. 2.",Jason Chen
863474,Love You Like a Love Song,When the Sun Goes Down,Selena Gomez + the Scene
1430267,How Do I Live,世界上最动听的歌超级天籁系列合集 上,LeAnn Rimes
752640,California King Bed,Loud,Rihanna
705864,Say You Love Me,Absolute Acoustic,M.Y.M.P
330966,Angel,Angelis,Angelis
4816490,Girls Night Out,2,98 Degrees
752761,Closer,Gravity,WestLife
948003,You Make Me Feel,Night Shades,Cobra Starship
453919,Ding Dong Song,Everybody Dance Now 2,Gunther
948004,#1Night#(One Night),Night Shades,Cobra Starship
2462293,"A Thousand Years, Pt. 2 (feat. Steve Kazee)","暮光之城4：破晓（下） 电影原声带 The Twilight Saga: Breaking Dawn, Pt. 2",Christina Perri
4973346,Baby I,Baby I - Single,Ariana Grande
1131665,Carry On,Some Nights,fun.
1109342,Shape of My Heart,The Very Best of Backstreet Boys,Backstreet Boys
485756,Time To Say Goodbye,莎拉布莱曼,Sarah Brightman
776884,Broken Angel (feat. Helena),2010年12月欧美新歌速递4,Arash
731074,Need a Little Love,孟汉娜4 永不落幕,Miley Cyrus
451501,If Today Was Your Last Day,Dark Horse,Nickelback
1087234,I Wanna Go,The Collection Britney Spears,Britney Spears
1231336,宝贝，对不起,宝贝对不起,草蜢
856318,If I Were a Boy,I Am... Sasha Fierce (Deluxe Version),Beyoncé
732378,Innocent,Speak Now (Deluxe Version),Taylor Swift
317121,If I Ain't Got You,Diary of Alicia Keys,Alicia Keys
731892,Give Me Some Sunshine,三个傻瓜,三个傻瓜
566525,Rhythm Of Love,Let The Music Play,Yoomiii
1147842,Birthday Cake,Birthday Cake,Rihanna
939097,Free Loop,B-Sides,Daniel Powter
1239605,Automatic,Pink Friday: Roman Reloaded (Deluxe Edition),Nicki Minaj
323362,Fairy Tale,Heat,Toni Braxton
1201728,My Heart Will Go On,泰坦尼克号-百年纪念版,Céline Dion
2466312,Breakaway,Greatest Hits - Chapter One,Kelly Clarkson
1766159,Sunny,Original Album Classics,Boney M
3586777,Love You Like a Love Song,NRJ Music Awards 2013,Selena Gomez + the Scene
1397535,DJ Got Us Falling In Love Again,I Do It For The Ladies (mixtape),Usher
5032946,"Time, My Friend",Say The Words 我为你歌唱,曲婉婷
5012455,Circus (Twister Rave Remix),Circus (Twister Rave Remix) - Single,Britney Spears
4809545,Q.U.E.E.N. (feat. Erykah Badu),Q.U.E.E.N. (feat. Erykah Badu) - Single,Janelle Monáe
1202058,Girls On the Dance Floor,Free Wired,Far East Movement
106601,Because Of You,圣杯之歌 Voices From The FIFA World Cup,Kelly Clarkson
435756,You Belong To Me,Comme Si De Rien N'Etait,Carla Bruni
4962559,I'm Out (feat. Nicki Minaj),Ciara,Ciara
442619,Dirty Dancing,The Block,New Kids On The Block
391718,超越(中超联赛主题歌),各种赛会主题曲,零点乐队
742614,Fuckin' Perfect,Greatest Hits...So Far!!! (Deluxe Version),P!nk
799413,Right Here Waiting,Stories To Tell,Richard Marx
63403,18 And Life,Skid Row,Skid Row
4803811,Don't Wake Me Up,Don't Wake Me Up - Single,Prinnie Stevens
4772051,Strawberry Bubblegum,The 20/20 Experience (Deluxe Version),Justin Timberlake
751898,One Time (Acoustic Version),My Worlds Acoustic,Justin Bieber
1052379,"Sleazy Remix 2.0 - Get Sleazier (feat. Lil Wayne, Wiz Khalifa, T.I. & André 3000)","Sleazy Remix 2.0 - Get Sleazier (feat. Lil Wayne, Wiz Khalifa, T.I. & André 3000) - Single",Ke$ha
419305,Low,Step Up 2 the Streets,Flo Rida
751612,The Harold Song,Cannibal [EP],Ke$ha
535134,I Do It For You,Anthology,Bryan Adams
974349,Love You Like a Love Song,Love You Like a Love Song,Selena Gomez + the Scene
4997839,Part of Your World,Part of Your World - Single,Carly Rae Jepsen
721170,Iridescent,A Thousand Suns,Linkin Park
437749,A Little Bit Longer,A Little Bit Longer,Jonas Brothers
2464829,50 Ways to Say Goodbye,Now That's What I Call Music Vol. 44,Train
5006300,We Go Down,Get Wet,Krewella
633092,I Want To Know What Love Is,Memoirs Of An Imperfect Angel,Mariah Carey
690069,No More You,Stadium,Akon
689007,I Hate Myself For Loving You,Greatest Hits,Joan Jett & The Blackhearts
951631,it's amazing,2011年9月欧美新歌速递,Jem
470541,Sugar,R.O.O.T.S,Flo Rida
448389,My Heart Will Go On,The Essential Céline Dion(2CD),Céline Dion
706106,Just Dance,舞梦成真,Lady GaGa
1190714,All Rise,Fly By II,Blue
1030698,When We Stand Together,Here And Now,Nickelback
4808951,Let's Go (feat. Chris Brown),#willpower (Deluxe Edition),will.i.am
421797,4 minutes,欧美最新单曲推荐,Madonna
880528,Bang Bang Bang,When The Sun Goes Down(Deluxe Edition),Selena Gomez + the Scene
1739348,Esta Noche (DJ Antoine Vs. Mad Mark & Clubzound Mix),I Am Armando,Pitbull
762418,Listen,I Am...World Tour 》[Live],Beyoncé
467559,Boom Boom Pow (club version),欧美2009年2-3月最新单曲,Black Eyed Peas
4719665,Nuclear (Explicit),Love Songs,Destiny's Child
416168,La La La,For The World,BigBang
311657,Nobody's Home,Diamond Collection,Avril Lavigne
486147,I Need You,Westlife,WestLife
5022932,Compass,Compass - Single,Lady Antebellum
2468690,Yellow,Live 2012,Coldplay
4773955,Body Count,The 20/20 Experience (Deluxe Version),Justin Timberlake
1539964,Get It Started,Get It Started (feat. Shakira),Pitbull
662511,Bad Romance (Skrillex Radio Remix),The Remix (Japan Limited Edition),Lady GaGa
832047,Can't Stop Love,曾经的歌系列24,Darin
796495,Lonely Again,2011年1月欧美新歌速递4,Ne-Yo
4764225,Alive,Alive - Single,Krewella
1211534,Who Owns My Heart,Can’t Be Tamed,Miley Cyrus
1032757,Bop Bop Baby,Greatest Hits,WestLife
4806929,Moonlight Shadow,在线热搜(欧美)系列18,Dana Winner
320012,7 Years & 50 Days (Album Version),7 Years & 50 Days,Groove Coverage
891603,Paparazzi (Motoblanco Remix - Radio Version),Hitmixes,Lady GaGa
764973,Respirator,"Only One Flo, Pt. 1 (Deluxe Version)",Flo Rida
4773864,The One,Notorius,Aina Brown
4752710,It Starts and Ends With You,Bloodsports (Deluxe Version),Suede
320008,The End,7 Years & 50 Days,Groove Coverage
1233064,Night Nurse,Original Me/The Greatest Hits,Cascada
4752447,Blaow,在线热搜(欧美)系列12,Ally
1145155,E.T. [Urban Noize Remix],落雨纷飞的季节,Katy Perry
627115,Fallin For You,Breakthrough,Colbie Caillat
662536,Rude Boy,Promo Only Rhythm Radio February 2010,Rihanna
4802603,Starships,More From Pitch Perfect,Nicki Minaj
711335,TiK ToK,Animal（JP Deluxe Edition）,Ke$ha
460854,Turn Off the Sound,Set Your Body Free,Danny
2469995,When Can I See You Again?,无敌破坏王 电影原声带 Wreck-It Ralph,Owl City
986796,Just Can’t Get Enough,The Beginning,Black Eyed Peas
862021,Run The World,4 (Deluxe Edition),Beyoncé
472396,Fall,2009年四月热搜歌二,Loggins & Messina
4975844,All Night,All Night - Single,Icona Pop
725860,All for You,The Golden Ratio,Ace Of Base
1436236,All At Once,Whitney Houston (The Deluxe Anniversary Edition),Whitney Houston
4777803,Ready for Love,Stevie Hoang: The Collection,Stevie Hoang
4749538,Next To Me,BRIT Awards 2013,Emeli Sandé
4965711,Live for the Night,Live for the Night - Single,Krewella
732404,Miss You too much,Real Love,Sarah Connor
1523371,Summertime Sadness,Summertime Sadness (Remixes) - EP,Lana Del Rey
466554,Don't Go Away,2009年3月新歌速递,BY2
732376,Enchanted,Speak Now (Deluxe Version),Taylor Swift
642565,All the Right Moves,Waking Up,OneRepublic
395042,特别的爱给特别的你(DJ版),RNB舞曲12,舞曲
4816024,Situation,Situation - Single,Usher
465781,Loving You,From JUSTIN-Collection of His First 3 Years,侧田
4796445,Ashtrays and Heartbreaks (feat. Miley Cyrus),Ashtrays and Heartbreaks (feat. Miley Cyrus) - Single,Snoop Dogg
962120,Unbroken,Unbroken,Demi Lovato
776533,麦阿喜,最新汽车升级版1 - 车载低音炮,DJ小可
1157734,S&M (Remix) [feat. Britney Spears],S&M (Remix) [feat. Britney Spears] - Single,Rihanna
397674,Everytime We Touch,Everytime We Touch,Cascada
1224797,Around The World,Greatest Hits,Aqua
4827986,For the Rest of My Life,For the Rest of My Life - Single,Robin Thicke
328915,Let Me Show You (The Way),Save Your Kisses,Natasha Thomas
680024,Four Leaf Clover,Songs from the Tainted Cherry Tree,Diana Vickers
4820741,Lose Yourself To Dance (feat. Pharrell Williams and Nile Rodgers),Random Access Memories,Daft Punk
4757056,Stay (feat. Mikky Ekko),Stay (feat. Mikky Ekko) - Single,Rihanna
4820736,Give Life Back to Music (feat. Nile Rodgers),Random Access Memories,Daft Punk
774896,Best Of Me,Best Of Me,Daniel Powter
4968484,Birthday,Stars Dance,Selena Gomez
745432,stay,爱-动听之抒情篇3,Tonya mitchell
977689,Playmate To Jesus,Megalomania,Aqua
688564,Crossfire,Swings And Roundabouts,Amy Diamond
4772910,Beat It (feat. Chris Brown & Wiz Khalifa),Beat It (feat. Chris Brown & Wiz Khalifa) - Single,Sean Kingston
839081,I'm Into You,Love (Deluxe Edition),Jennifer Lopez
1942520,Glassheart,Glassheart (Deluxe Edition),Leona Lewis
1793735,Gold,The Midsummer Station,Owl City
320060,From Sarah with Love,Green Eyed Soul,Sarah Connor
3458628,哇咔哇咔(非洲时刻)―南非世界杯主题曲,Waka Waka(This Time For Africa) (Single),Shakira
998772,Kill You,The Definitive Collection,Eminem
893091,Lights,"Lights, Pt. 2 (The Remixes) - EP",Ellie Goulding
2468501,Have Some Fun (feat. The Wanted & Afrojack),Global Warming (Deluxe Edition),Pitbull
4885711,Island (Prod. by DJ Frank E) [Without Don Omar],Island - Single,Akon
698459,My First Kiss,Streets Of Gold,3OH!3
391498,Over My Head-Sum41,CS音乐 (CS Movies Cool),游戏原声
638387,No Matter What,诺丁山(Notting Hill Original Soundtrack),Boyzone
732384,Superman,Speak Now (Deluxe Version),Taylor Swift
703440,All Night Long,No Coming Back(Perfect Edition),Stevie Hoang
436281,Blue (Da Ba Dee)蓝色小精灵,舞曲大帝国 24(Maxi Kingdom 24),JF Ray London
4776316,Bow Down/I Been On,2013年3月欧美新歌速递,Beyoncé
4812285,I Knew You Were Trouble,"Bravo Hits, Vol. 81",Taylor Swift
1420054,TiK ToK,Tik Tok - EP,Ke$ha
468416,Love to be Loved by you,Awesome,Marc Terenzi
362761,"Relax, Take It Easy","Relax, Take It Easy",Mika
680500,Space Cowboy,Banaroo's World,Banaroo
455711,I Been Hoping,2008年十二月热搜歌二,网络歌手
985019,Speak Now,Speak Now,Taylor Swift
4819798,Made in the USA,Demi,Demi Lovato
1005895,Dark Side,Stronger,Kelly Clarkson
498415,She Will Be Loved,She Will Be Loved EP,Maroon 5
4808952,Gettin' Dumb (feat. apl.de.ap & 2NE1),#willpower (Deluxe Edition),will.i.am
442596,What You Got,Colby O,Colby O'Donis
1145140,Space Bound,你是选择爱我，还是离开我,Eminem
742516,never say u can't,2010年11月欧美新歌速递1,Bruno Mars
977698,How R U Doin?,Megalomania,Aqua
644458,How to Break a Heart,Where We Are,WestLife
986784,Light Up The Night,The Beginning,Black Eyed Peas
1588293,I Cry,Shayne Ward,Shayne Ward
935952,绅士,第一课,倪安东
389189,The Best Damn Thing,The Best Damn Thing: Deluxe Edition,Avril Lavigne
315376,Black Or White,Dangerous,Michael Jackson
759262,SEXY CHICK,One More Love,David Guetta
961870,Be Careful,Future History (Deluxe Version),Jason Derülo
4885107,Love Me Again,Love Me Again (Remixes) - EP,John Newman
1261289,The Freedom Song,Love is a Four Letter Word,Jason Mraz
2478235,Right Place Right Time,Right Place Right Time (Deluxe Edition),Olly Murs
1094675,Save Me (Prod. by Arnthor),2012年01月欧美新歌速递,Shayne Ward
1584150,Brand New Day,2012年07月欧美新歌速递,Massari
311541,Drowning 爱到底,Greatest Hits至尊无敌超精选,Backstreet Boys
1113870,You and I,Grammy Nominees 2012,Lady GaGa
442612,Click Click Click,The Block,New Kids On The Block
4809863,Tell Me Why,在线热搜(欧美)系列18,Lafee
331067,Crazy (Album Version),St. Elsewhere 何方神圣,Gnarls Barkley
4733874,Only You(feat. Lauriana Mae),Only You (feat. Lauriana Mae) - Single,Cee Lo Green
1225936,I Love You Forever,Sweet and Wild,Jewel
409288,Gimme More,Blackout,Britney Spears
425563,Hero,Hero,Charlotte Perrelli
4752504,Kisses Down Low,Kisses Down Low - Single,Kelly Rowland
1224796,Barbie Girl,Greatest Hits,Aqua
962617,Synd For Dig,For Altid,Medina
1490894,Drop Dead Beautiful,Femme Fatale (Deluxe Version),Britney Spears
4986168,Grown Woman (Studio Version) ,Grown Woman  - Single,Beyoncé
337923,Sorry Seems To Be The Hardest Word,伤痕摇滚 Love On The Rocks,Elton John
145922,god is a girl(album version)),covergirl,Groove Coverage
4919488,Home Again,The Diving Board (Deluxe Version),Elton John
181658,You Are Beautiful,2007年Grammy格莱美候选歌曲大放送,James Blunt
1224804,My Oh My,Greatest Hits,Aqua
5029843,White Christmas,Wrapped In Red (Deluxe Edition),Kelly Clarkson
1473230,As Long As You Love Me,Believe,Justin Bieber
1438360,Big big world,奥斯卡获奖影视金曲,群星
816196,In Your Eyes,In The Club,Danny
5068019,The Art of Letting Go,The Art of Letting Go - Single,Mariah Carey
460857,If Only You,Set Your Body Free,Danny
727119,yes or no,2010年10月欧美新歌速递2,Claude
972184,DJ Got Us Fallin' In Love,Q-Music Top 500 Van Deze Eeuw - 2011,Usher
429371,Cry (UK Bonus Track),Good Girl Gone Bad: Reloaded,Rihanna
870660,Set Fire to the Rain (Thomas Gold Dub),Set Fire to the Rain (Remixes) - EP,Adele
624429,记得,可啦思刻,方大同
1430688,Thinking Of You,世界上最动听的歌超级天籁系列合集 下,ATC
1319047,Shell,我的歌声里,曲婉婷
4747799,Turn Up The Love,2013 The Hottest,Far East Movement
454428,Because,Been Waiting,Jessica Mauboy
182531,God is a girl,2006你最喜爱的10大英文金曲,Groove Coverage
4751099,Come Back,Come Back - Single,The Lylas
458067,Grace,Great God Who Saves,Laura Story
2451169,爱到最后只剩下回忆 女生版,在线热搜（华语）系列46,网络歌手
4818795,Tell Me When You Ready (feat. Future),Tell Me When You Ready (feat. Future) - Single,Flo Rida
629050,Happy,Shadow (Repackage),Leona Lewis
977693,Viva Las Vegas,Megalomania,Aqua
751908,Never Say Never (feat. Jaden Smith) [Acoustic Version],My Worlds Acoustic,Justin Bieber
4717550,Nobody's Business (feat. Chris Brown),Unapologetic (Deluxe Version),Rihanna
454328,Run (Bonus Track),Spirit (Deluxe Edition),Leona Lewis
442390,When I Grow Up,Doll Domination,The Pussycat Dolls
462241,Vincent,Joanna ＆ 王若琳,王若琳
928228,Here We Go Again,Turn It Up(Deluxe Edition),Pixie Lott
3584213,Jingle Bell Rock,Jingle Bell Rock C Single,Hot Chelle Rae
4780810,Tonight (feat. Ne-Yo),"Me, You & the Music",Jessica Sanchez
941311,I Can Only Imagine,Nothing But The Beat (US Edition),David Guetta
629573,I know you want me,Rebelution,Pitbull
297468,Everytime,Still Not Getting Any,Simple Plan
4749790,"Scream & Shout (Hit-Boy Remix) [feat. Britney Spears, Hit Boy, Waka Flocka Flame, Lil Wayne & Diddy]","Scream & Shout (Hit-Boy Remix) [feat. Britney Spears, Hit Boy, Waka Flocka Flame, Lil Wayne & Diddy] - Single",will.i.am
809267,CHIKI CHIKI,苏荷酒吧,群星
2472420,Va Va Voom,Pink Friday: Roman Reloaded The Re-Up,Nicki Minaj
703048,Dynamite,Rokstarr US Edition,Taio Cruz
4945663,The Mass,2006顶级车载音乐,Eric Levi
1474777,In The End,Greatest Hits,Linkin Park
5022373,Can We Dance,Can We Dance - EP,The Vamps
98098,Toxic,In The Zone (Bonus Track Version),Britney Spears
5106677,Gentleman,NOW That's What I Call Club Hits,Psy
928104,Beauty Killer,Beauty Killer (Bonus Track Version),Jeffree Star
4984247,Turn the Night Up,Turn the Night Up - Single,Enrique Iglesias
1030701,Lullaby,Here And Now,Nickelback
4829541,Sitting Down Here,欧美流行摇滚合辑 2,Lene Marlin
443696,I'd Rather Be With You,Simple Times,Joshua Radin
644469,I'll See You Again,Where We Are,WestLife
666111,Today Was A Fairy Tale,情人节 电影原声带 Valentine's Day (Original Motion Picture Soundtrack) ,Taylor Swift
4827776,Faster with You,Shadows,Lenka
449501,Halo,I Am...Sasha Fierce,Beyoncé
449290,Call You Tonight,欧美10月最新单曲推荐,Whitney Houston
703051,Take Me Back,Rokstarr US Edition,Taio Cruz
4802964,Save Rock And Roll (feat. Elton John),Save Rock and Roll,Fall Out Boy
4965690,Part II (On The Run) [Solo Version],Part II (On The Run) [Solo Version] - Single,Beyoncé
4996075,It's My Party,It's My Party - Single,Jessie J
4784477,As Your Friend(feat. Chris Brown),As Your Friend - Single,Afrojack
1364647,Go Girl,Original Hits,Pitbull
636561,3,欧美2009年10月最新单曲,Britney Spears
1588296,Someone To Love,Shayne Ward,Shayne Ward
663261,World In Front Of Me,Stairwells,Kina Grannis
658171,Pick Me,欧美2010年2月最新单曲,Justin Bieber
4816359,Stars,Stars - Single,Kat DeLuna
1208198,Gone,5.0 Deluxe,Nelly
4815530,A Little Party Never Killed Nobody (All We Got) [feat. Q-Tip & GoonRock],了不起的盖茨比 电影原声带 (豪华版) The Great Gatsby (Music From Baz Luhrmann's Film) [Deluxe Edition],Fergie
1083823,Like I Love You (Video Edit),Turn This Club Around,R.I.O.
4992051,We Own the Night,We Own The Night - Single,The Wanted
4717548,What Now,Unapologetic (Deluxe Version),Rihanna
960483,Endless,I Am The Club Rocker,Inna
420520,给我你所有的爱,Crossroad,Sylver
461924,Right Now (Na Na Na),12月英国单曲榜Top 40 singles,Akon
4740113,Fall (Live),Believe Acoustic,Justin Bieber
2650487,Cry (The Voice Performance),Cry (The Voice Performance) C Single,Cassadee Pope
427513,Take A Bow,欧美最新单曲推荐,Rihanna
4975377,Try,In a World Like This,Backstreet Boys
718526,慢摇先锋,B52轰炸机,DJ宝贝
926551,4 Minutes (feat. Justin Timberlake & Timbaland),Hard Candy (Deluxe Version),Madonna
4999465,I Wanna Go,The Essential Britney Spears,Britney Spears
4823232,Time After Time,中国合伙人 电影原声带,Cyndi Lauper
414718,Moondance,Oceanborn,Nightwish
690022,No Love,Recovery (Deluxe Edition),Eminem
718523,阿玛尼水晶宫,B52轰炸机,DJ宝贝
1261068,Lollipop Luxury,曾经的歌系列 47,Jeffree Star
456576,Dilemma,6 Derrty Hits,Nelly
435498,Teardrops On My Guitar (Acoustic Version),Beautiful Eyes,Taylor Swift
1402536,New Divide (Live),Burn It Down - EP,Linkin Park
5015814,Beautiful Life,Beautiful Life - Single,Union J
185157,en dag tilbage,曾经的歌系列 10,Nik & Jay
690077,Rock,Stadium,Akon
861162,Without You,The Game,Alyssa Reid
181120,This Love,Best of MP3 人气超强西洋总冠军,Maroon 5
454894,A Wonderful Day,A Little Love,冯曦妤
998766,Superman,The Definitive Collection,Eminem
4744415,Clown,Clown - EP,Emeli Sandé
687316,Airplanes,Promo Only Mainstream Radio June 2010,B.o.B.
687266,Waka Waka (This Time for Africa) [The Official 2010 FIFA World Cup Song] {feat. Freshlyground},2010年世界杯官方专辑 Listen Up! The Official 2010 FIFA World Cup Album,Shakira
444543,Miss Underwater,One Day (2Cd Limited Edition),Maximilian Hecker
864105,Fallin',Songs In A Minor (10th Anniversary Edition) [Deluxe Edition],Alicia Keys
1588298,A Better Man,Shayne Ward,Shayne Ward
2472074,Silver Lining (Crazy 'Bout You),Silver Linings Playbook,Jessie J
466712,Can You Feel the Love Tonight,Sound of Musicals,Maria Arredondo
1204488,Danza Kuduro,速度与激情 5,速度与激情
672834,Kissin U,Sparks Fly,Miranda Cosgrove
862024,Dance For You,4 (Deluxe Edition),Beyoncé
946302,Mr. Saxobeat,Saxobeats,Alexandra Stan
835068,Trip Around The World,Voodoo Reloaded,Alexz Johnson
1168678,闪电部队在前进,曾经的歌系列38,群星
4918247,Dangerous,Dangerous,Michael Jackson
441394,Cookie Jar,The Quilt,Gym Class Heroes
1027390,Ass Back Home (Feat. Neon Hitch),The Papercut Chronicles II,Gym Class Heroes
1355114,Brokenhearted,Hello,Karmin
5044805,Loving You Is Easy,Union J (Deluxe Version),Union J
5017807,Talk Dirty (feat. 2 Chainz),Tattoos (Deluxe Version),Jason Derülo
1965468,Fashion Show,Hot Pink Heart (Part One),Cory Lee
5067284,All Bad,All Bad - Single,Justin Bieber
458055,Road Trip,Flashback,Darin
489085,Loving You,靓声靓影,张靓颖
664107,Every Time I Look Into Your Eyes,2010年3月新歌速递,BY2
669777,Waving Flag,2010年世界杯官方专辑 Listen Up! The Official 2010 FIFA World Cup Album,K'naan
65484,Why (LP Version),Shades Of Purple,M2M
711341,Party At A Rich Dude's House,Animal（JP Deluxe Edition）,Ke$ha
4885653,Symphony In H (90s 试听版),Symphony In H - Single,Eminem
93944,情感的禁区,浪漫情歌篇,刘德华
4993309,Back Together,Back Together - Single,Jesse McCartney
1057891,Don't Want You Back,2011年12月欧美新歌速递,Kelly Rowland
4721336,Kiss You,Kiss You - Single,Megan Nicole
711342,Back$tabber,Animal（JP Deluxe Edition）,Ke$ha
938293,Give It Up,Killer Sounds,Hard-Fi
5004373,11,11 - Single,Cassadee Pope
449294,Paper Gangsta,欧美10月最新单曲推荐,Lady GaGa
639333,Cold Water,0(零),Damien Rice
698460,Deja Vu,Streets Of Gold,3OH!3
2451155,凋零的回忆 渔圈,在线热搜（华语）系列46,渔圈
786924,Psycho,Bad Girls Club,Kimberly Cole
1614700,Live My Life,舞出我人生4 电影原声带 Step Up Revolution (Music from the Motion Picture),Far East Movement
1907758,Flower,The Abbey Road Sessions,Kylie Minogue
4994155,Take Me (feat. Kyler England),Ministry of Sound - Ibiza Annual 2013,Ti?sto
5097757,Change Me,Change Me - Single,Justin Bieber
489535,Desperado,Desperado,The Eagles
657025,give me your love tonight,2010年一月热搜歌,Twins
686992,You Lost Me,Bionic (Deluxe Version),Christina Aguilera
4968486,Stars Dance,Stars Dance,Selena Gomez
316189,Reflection,Christina Aguilera,Christina Aguilera
465289,The Loneliness,A Love Story,Babyface
1247067,Starships,Starships,Nicki Minaj
1241019,Alive,The E.N.D.,Black Eyed Peas
926554,Miles Away,Hard Candy (Deluxe Version),Madonna
320346,Disco Inferno,The Massacre,50 Cent
4968496,Come & Get It,Stars Dance,Selena Gomez
615658,莎莉花园,恩雅的爱尔兰情歌,Enya
1145720,Sober,悦曲悠然,P!nk
1190848,butterfly,曾经的歌系列 42,和田光司
648079,War,All Or Nothing,Jay Sean
939659,Free,Perfectionist (Deluxe Version),Natalia Kills
718923,In The End,Splitting The DNA (Dics1),Linkin Park
4784530,Leave The Lights On,The Bright Side,Meiko
1162354,Born to Make You Happy,...Baby One More Time(Deluxe Version),Britney Spears
786933,"Smack You - Reloaded, Feat. Dr. Hollywood",Bad Girls Club,Kimberly Cole
666144,Somebody To Love,情人节 电影原声带 Valentine's Day (Original Motion Picture Soundtrack) ,Leighton Meester
1005893,Mr. Know It All,Stronger,Kelly Clarkson
815558,I Remember Me,I Remember Me,Jennifer Hudson
1032776,Wide Open,Greatest Hits,WestLife
661818,dreaming my dream,2010年三月热搜歌,The Cranberries
4798070,I Want Crazy,Hunter Hayes (Encore) [Deluxe Version],Hunter Hayes
939654,Bad Dog,Bad Dog - EP,Neon Hitch
721166,Waiting For The End,A Thousand Suns,Linkin Park
1568633,Whataya Want From Me,Whataya Want From Me - Single,Adam Lambert
440699,Unbelievable,Beautiful Songs,Craig David
417249,33,Beautiful Seed,Corrinne May
672837,Shakespeare,Sparks Fly,Miranda Cosgrove
97698,I Want It That Way,The Hits: Chapter One,Backstreet Boys
1900549,Treat Her Like A Lady,中国好声音终极考核（上）,徐海星
675892,The Escapist (BSide),The Sound of Nightwish Reborn,Nightwish
638137,Jam,Michael Jackson's This Is It (The Music That Inspired the Movie),Michael Jackson
1484703,Never Let You Go,My World 2.0,Justin Bieber
946308,Get Back,Saxobeats,Alexandra Stan
1136484,Just a Step Away,Curiosity - EP,Carly Rae Jepsen
1307902,The Little Things,Coco,Colbie Caillat
2835952,Imagine Me Without You,On My Knees - The Best Of Jaci Velasquez,Jaci Velasquez
4758636,Sad Beautiful Tragic (Instrumental With Background Vocals),Taylor Swift Karaoke: Red,Taylor Swift
1428136,Timebomb,Timebomb,Kylie Minogue
4776291,All Night (feat. David Rush) [Starkillers Remix Radio Edit],All Night (feat. David Rush ) [Starkillers Remix Radio Edit] - Single,Pitbull
397054,Crazy Pipe,商业舞曲专辑21,舞曲
1226622,Think About the Way,Riot On the Dancefloor,Groove Coverage
460850,Unite This Heart,Set Your Body Free,Danny
4975328,You My Everything,Halcyon Days,Ellie Goulding
1078780,Best Friend,Gravity,Jason Chen
2466314,Don't Rush (feat. Vince Gill),Greatest Hits - Chapter One,Kelly Clarkson
4916619,Take A Picture,Take a Picture - Single,Carly Rae Jepsen
1338174,Don't Worry Be Happy,Don't Worry Be Happy,Guy Sebastian
3584407,Another Love,Songs from Another Love - EP,Tom Odell
822770,Don't Turn Out the Lights,2011年4月欧美新歌速递1,Backstreet Boys
311665,Tomorrow,Diamond Collection,Avril Lavigne
690080,So Special,Stadium,Akon
878174,Heartless,808s & Heartbreak,Kanye West
4750244,High On Your Love,High On Your Love,Sharon Doorson
425288,don't stop the music,Power Hits 2 冠军全击 2,Rihanna
972036,No I.D.,Do It In the AM,Frankmusik
458059,What if,Flashback,Darin
698471,Don't Trust Me,Streets Of Gold,3OH!3
2468507,Everybody Fucks (feat. Akon & David Rush),Global Warming (Deluxe Edition),Pitbull
3586734,Diamonds,NRJ Music Awards 2013,Rihanna
722042,Never Gonna Leave This Bed,Hands All Over(Deluxe Edition),Maroon 5
1588297,Something Worth Living For,Shayne Ward,Shayne Ward
676755,LOVE,Love is... selected by DJ Mayumi,DJ MAYUMI
1005900,I Forgive You,Stronger,Kelly Clarkson
961867,Don't Wanna Go Home,Future History (Deluxe Version),Jason Derülo
4749636,Drive By,BRIT Awards 2013,Train
424763,L.O.V.E.,Juicy 女人帮,Ashlee Simpson
1355242,We Run the Night,Now That's What I Call Music Vol. 42,Havana Brown
4728115,On Top of the World (Radio Edit) [DJ Antoine vs. Mad Mark] {feat. B-Case & Joey Moe},Sky Is the Limit,DJ Antoine
424627,crazy over you,Jaleesa,Jaleesa
1190845,fiction,曾经的歌系列 42,BEAST
391506,The Day You Went Away,CS音乐 (CS Movies Cool),游戏原声
5022896,Adore You,Bangerz (Deluxe Version),Miley Cyrus
716250,做个真的我（笑红尘粤语版）,在线热搜（华语）系列36,胡伟立
732382,Ours,Speak Now (Deluxe Version),Taylor Swift
4776686,Don't You Worry Child (feat. Josesph Vincent),Don’t You Worry Child (feat. Josesph Vincent) - Single,Jason Chen
1402537,In the End (Live),Burn It Down - EP,Linkin Park
627662,I Didn't Know My Own Strength,I Look to You,Whitney Houston
1233061,Enemy,Original Me/The Greatest Hits,Cascada
4829410,Hit The Lights,When The Sun Goes Down(Deluxe Edition),Selena Gomez + the Scene
1021583,Moves Like Jagger,Moves Like Jagger (The Voice Performance),Maroon 5
4740109,She Don't Like The Lights (Acoustic Version),Believe Acoustic,Justin Bieber
311528,As Long As You Love Me 只要你爱我就好,Greatest Hits至尊无敌超精选,Backstreet Boys
1028219,All about tonight,Young Foolish Happy,Pixie Lott
406569,1973,All the Lost Souls,James Blunt
814685,Don't Hold Your Breath,Killer Love,Nicole Scherzinger
662386,Better Than Her,欧美2010年3月最新单曲,Matisse
818397,One Day,Light,MatisYahu
1226621,Angeline,Riot On the Dancefloor,Groove Coverage
5063080,Poker Face,NOW That's What I Call music USA,Lady GaGa
1341066,The Way I Like It,Grace,Mandy Capristo
303658,Pretty Boy (Mandarin),The Day You Went Away The Best Of M2M,M2M
5079072,Alone (试听版),Alone - Single,Justin Bieber
4791357,Need U (100%) [feat. A*M*E],Need U (100%) [feat. A*M*E] [Remixes] - EP,Duke Dumont
4996361,Baby (Acoustic),My Worlds Acoustic,Justin Bieber
849042,THIS LOVE,The Ultimate-International Best,BigBang
1253581,Let's Play,Tell the World,Kristina Maria
416852,For No Reason,Start From Here,王若琳
519125,Sorry,舞池告白（Confessions on a Dancefloor）,Madonna
519118,Hung Up,舞池告白（Confessions on a Dancefloor）,Madonna
589299,Better Together,Better Together EP,Jack Johnson
436845,I Can Walk On Water,Now You're Gone,Basshunter
4707231,Lonely Boy,2013 Grammy Nominees (2013格莱美的喝彩),The Black Keys
64488,Killing Me Softly With His Song (LP Version),Killing Me Softly,Roberta Flack
404092,We're All in This Together,歌舞青春 电影原声带 High School Musical,High School Musical
1223644,Sweet Love,Fortune (Deluxe Version),Chris Brown
732375,Never Grow Up,Speak Now (Deluxe Version),Taylor Swift
348857,Crazy In Love,Dangerously in Love,Beyoncé
4975378,Trust Me,In a World Like This,Backstreet Boys
4749668,Power Trip (feat. Miguel),Power Trip (feat. Miguel) C Single,J. Cole
4796759,Time For the Show,Time For the Show,Kerrie Roberts
1154206,Chasing Pavements (Live At Hotel Cafe),19 (Bonus Tracks),Adele
440657,Don't Know Why,Beautiful Songs,Norah Jones
1819235,Wings,Wings (Remixes) - EP,Little Mix
4996046,Let Her Go,Now: The Hits of Spring 2013,Passenger
4816531,Hall of Fame (Glee Cast Version),All Or Nothing,Glee Cast
811157,Next 2 You (featuring Justin Bieber),F.A.M.E.(Deluxe Edition),Chris Brown
572654,Down By The Salley Gardens,Camomile Extra,藤田惠美
410705,Us Against The World,Back Home,WestLife
863573,Hotel Room Service,Euphoric,Pitbull
1439976,50 Ways To Say Goodbye,California 37,Train
1233060,Pyromania,Original Me/The Greatest Hits,Cascada
416854,Now,Start From Here,王若琳
1810265,Bom Bom,Bom Bom,SAM & THE WOMP
808645,Up Against the Wall,Page One,Tino Coury
776541,Tu Nu Ti Dai Seama,最新汽车升级版1 - 车载低音炮,Nek Claudia & De Marco
